Number,Label,Binary
1,Non,[1 0 0 0 0 0 0 0 0 0]
2,Non,[0 1 0 0 0 0 0 0 0 0]
3,Fizz,[1 1 0 0 0 0 0 0 0 0]
4,Non,[0 0 1 0 0 0 0 0 0 0]
5,Buzz,[1 0 1 0 0 0 0 0 0 0]
6,Fizz,[0 1 1 0 0 0 0 0 0 0]
7,Non,[1 1 1 0 0 0 0 0 0 0]
8,Non,[0 0 0 1 0 0 0 0 0 0]
9,Fizz,[1 0 0 1 0 0 0 0 0 0]
10,Buzz,[0 1 0 1 0 0 0 0 0 0]
11,Non,[1 1 0 1 0 0 0 0 0 0]
12,Fizz,[0 0 1 1 0 0 0 0 0 0]
13,Non,[1 0 1 1 0 0 0 0 0 0]
14,Non,[0 1 1 1 0 0 0 0 0 0]
15,FizzBuzz,[1 1 1 1 0 0 0 0 0 0]
16,Non,[0 0 0 0 1 0 0 0 0 0]
17,Non,[1 0 0 0 1 0 0 0 0 0]
18,Fizz,[0 1 0 0 1 0 0 0 0 0]
19,Non,[1 1 0 0 1 0 0 0 0 0]
20,Buzz,[0 0 1 0 1 0 0 0 0 0]
21,Fizz,[1 0 1 0 1 0 0 0 0 0]
22,Non,[0 1 1 0 1 0 0 0 0 0]
23,Non,[1 1 1 0 1 0 0 0 0 0]
24,Fizz,[0 0 0 1 1 0 0 0 0 0]
25,Buzz,[1 0 0 1 1 0 0 0 0 0]
26,Non,[0 1 0 1 1 0 0 0 0 0]
27,Fizz,[1 1 0 1 1 0 0 0 0 0]
28,Non,[0 0 1 1 1 0 0 0 0 0]
29,Non,[1 0 1 1 1 0 0 0 0 0]
30,FizzBuzz,[0 1 1 1 1 0 0 0 0 0]
31,Non,[1 1 1 1 1 0 0 0 0 0]
32,Non,[0 0 0 0 0 1 0 0 0 0]
33,Fizz,[1 0 0 0 0 1 0 0 0 0]
34,Non,[0 1 0 0 0 1 0 0 0 0]
35,Buzz,[1 1 0 0 0 1 0 0 0 0]
36,Fizz,[0 0 1 0 0 1 0 0 0 0]
37,Non,[1 0 1 0 0 1 0 0 0 0]
38,Non,[0 1 1 0 0 1 0 0 0 0]
39,Fizz,[1 1 1 0 0 1 0 0 0 0]
40,Buzz,[0 0 0 1 0 1 0 0 0 0]
41,Non,[1 0 0 1 0 1 0 0 0 0]
42,Fizz,[0 1 0 1 0 1 0 0 0 0]
43,Non,[1 1 0 1 0 1 0 0 0 0]
44,Non,[0 0 1 1 0 1 0 0 0 0]
45,FizzBuzz,[1 0 1 1 0 1 0 0 0 0]
46,Non,[0 1 1 1 0 1 0 0 0 0]
47,Non,[1 1 1 1 0 1 0 0 0 0]
48,Fizz,[0 0 0 0 1 1 0 0 0 0]
49,Non,[1 0 0 0 1 1 0 0 0 0]
50,Buzz,[0 1 0 0 1 1 0 0 0 0]
51,Fizz,[1 1 0 0 1 1 0 0 0 0]
52,Non,[0 0 1 0 1 1 0 0 0 0]
53,Non,[1 0 1 0 1 1 0 0 0 0]
54,Fizz,[0 1 1 0 1 1 0 0 0 0]
55,Buzz,[1 1 1 0 1 1 0 0 0 0]
56,Non,[0 0 0 1 1 1 0 0 0 0]
57,Fizz,[1 0 0 1 1 1 0 0 0 0]
58,Non,[0 1 0 1 1 1 0 0 0 0]
59,Non,[1 1 0 1 1 1 0 0 0 0]
60,FizzBuzz,[0 0 1 1 1 1 0 0 0 0]
61,Non,[1 0 1 1 1 1 0 0 0 0]
62,Non,[0 1 1 1 1 1 0 0 0 0]
63,Fizz,[1 1 1 1 1 1 0 0 0 0]
64,Non,[0 0 0 0 0 0 1 0 0 0]
65,Buzz,[1 0 0 0 0 0 1 0 0 0]
66,Fizz,[0 1 0 0 0 0 1 0 0 0]
67,Non,[1 1 0 0 0 0 1 0 0 0]
68,Non,[0 0 1 0 0 0 1 0 0 0]
69,Fizz,[1 0 1 0 0 0 1 0 0 0]
70,Buzz,[0 1 1 0 0 0 1 0 0 0]
71,Non,[1 1 1 0 0 0 1 0 0 0]
72,Fizz,[0 0 0 1 0 0 1 0 0 0]
73,Non,[1 0 0 1 0 0 1 0 0 0]
74,Non,[0 1 0 1 0 0 1 0 0 0]
75,FizzBuzz,[1 1 0 1 0 0 1 0 0 0]
76,Non,[0 0 1 1 0 0 1 0 0 0]
77,Non,[1 0 1 1 0 0 1 0 0 0]
78,Fizz,[0 1 1 1 0 0 1 0 0 0]
79,Non,[1 1 1 1 0 0 1 0 0 0]
80,Buzz,[0 0 0 0 1 0 1 0 0 0]
81,Fizz,[1 0 0 0 1 0 1 0 0 0]
82,Non,[0 1 0 0 1 0 1 0 0 0]
83,Non,[1 1 0 0 1 0 1 0 0 0]
84,Fizz,[0 0 1 0 1 0 1 0 0 0]
85,Buzz,[1 0 1 0 1 0 1 0 0 0]
86,Non,[0 1 1 0 1 0 1 0 0 0]
87,Fizz,[1 1 1 0 1 0 1 0 0 0]
88,Non,[0 0 0 1 1 0 1 0 0 0]
89,Non,[1 0 0 1 1 0 1 0 0 0]
90,FizzBuzz,[0 1 0 1 1 0 1 0 0 0]
91,Non,[1 1 0 1 1 0 1 0 0 0]
92,Non,[0 0 1 1 1 0 1 0 0 0]
93,Fizz,[1 0 1 1 1 0 1 0 0 0]
94,Non,[0 1 1 1 1 0 1 0 0 0]
95,Buzz,[1 1 1 1 1 0 1 0 0 0]
96,Fizz,[0 0 0 0 0 1 1 0 0 0]
97,Non,[1 0 0 0 0 1 1 0 0 0]
98,Non,[0 1 0 0 0 1 1 0 0 0]
99,Fizz,[1 1 0 0 0 1 1 0 0 0]
100,Buzz,[0 0 1 0 0 1 1 0 0 0]
101,Non,[1 0 1 0 0 1 1 0 0 0]
102,Fizz,[0 1 1 0 0 1 1 0 0 0]
103,Non,[1 1 1 0 0 1 1 0 0 0]
104,Non,[0 0 0 1 0 1 1 0 0 0]
105,FizzBuzz,[1 0 0 1 0 1 1 0 0 0]
106,Non,[0 1 0 1 0 1 1 0 0 0]
107,Non,[1 1 0 1 0 1 1 0 0 0]
108,Fizz,[0 0 1 1 0 1 1 0 0 0]
109,Non,[1 0 1 1 0 1 1 0 0 0]
110,Buzz,[0 1 1 1 0 1 1 0 0 0]
111,Fizz,[1 1 1 1 0 1 1 0 0 0]
112,Non,[0 0 0 0 1 1 1 0 0 0]
113,Non,[1 0 0 0 1 1 1 0 0 0]
114,Fizz,[0 1 0 0 1 1 1 0 0 0]
115,Buzz,[1 1 0 0 1 1 1 0 0 0]
116,Non,[0 0 1 0 1 1 1 0 0 0]
117,Fizz,[1 0 1 0 1 1 1 0 0 0]
118,Non,[0 1 1 0 1 1 1 0 0 0]
119,Non,[1 1 1 0 1 1 1 0 0 0]
120,FizzBuzz,[0 0 0 1 1 1 1 0 0 0]
121,Non,[1 0 0 1 1 1 1 0 0 0]
122,Non,[0 1 0 1 1 1 1 0 0 0]
123,Fizz,[1 1 0 1 1 1 1 0 0 0]
124,Non,[0 0 1 1 1 1 1 0 0 0]
125,Buzz,[1 0 1 1 1 1 1 0 0 0]
126,Fizz,[0 1 1 1 1 1 1 0 0 0]
127,Non,[1 1 1 1 1 1 1 0 0 0]
128,Non,[0 0 0 0 0 0 0 1 0 0]
129,Fizz,[1 0 0 0 0 0 0 1 0 0]
130,Buzz,[0 1 0 0 0 0 0 1 0 0]
131,Non,[1 1 0 0 0 0 0 1 0 0]
132,Fizz,[0 0 1 0 0 0 0 1 0 0]
133,Non,[1 0 1 0 0 0 0 1 0 0]
134,Non,[0 1 1 0 0 0 0 1 0 0]
135,FizzBuzz,[1 1 1 0 0 0 0 1 0 0]
136,Non,[0 0 0 1 0 0 0 1 0 0]
137,Non,[1 0 0 1 0 0 0 1 0 0]
138,Fizz,[0 1 0 1 0 0 0 1 0 0]
139,Non,[1 1 0 1 0 0 0 1 0 0]
140,Buzz,[0 0 1 1 0 0 0 1 0 0]
141,Fizz,[1 0 1 1 0 0 0 1 0 0]
142,Non,[0 1 1 1 0 0 0 1 0 0]
143,Non,[1 1 1 1 0 0 0 1 0 0]
144,Fizz,[0 0 0 0 1 0 0 1 0 0]
145,Buzz,[1 0 0 0 1 0 0 1 0 0]
146,Non,[0 1 0 0 1 0 0 1 0 0]
147,Fizz,[1 1 0 0 1 0 0 1 0 0]
148,Non,[0 0 1 0 1 0 0 1 0 0]
149,Non,[1 0 1 0 1 0 0 1 0 0]
150,FizzBuzz,[0 1 1 0 1 0 0 1 0 0]
151,Non,[1 1 1 0 1 0 0 1 0 0]
152,Non,[0 0 0 1 1 0 0 1 0 0]
153,Fizz,[1 0 0 1 1 0 0 1 0 0]
154,Non,[0 1 0 1 1 0 0 1 0 0]
155,Buzz,[1 1 0 1 1 0 0 1 0 0]
156,Fizz,[0 0 1 1 1 0 0 1 0 0]
157,Non,[1 0 1 1 1 0 0 1 0 0]
158,Non,[0 1 1 1 1 0 0 1 0 0]
159,Fizz,[1 1 1 1 1 0 0 1 0 0]
160,Buzz,[0 0 0 0 0 1 0 1 0 0]
161,Non,[1 0 0 0 0 1 0 1 0 0]
162,Fizz,[0 1 0 0 0 1 0 1 0 0]
163,Non,[1 1 0 0 0 1 0 1 0 0]
164,Non,[0 0 1 0 0 1 0 1 0 0]
165,FizzBuzz,[1 0 1 0 0 1 0 1 0 0]
166,Non,[0 1 1 0 0 1 0 1 0 0]
167,Non,[1 1 1 0 0 1 0 1 0 0]
168,Fizz,[0 0 0 1 0 1 0 1 0 0]
169,Non,[1 0 0 1 0 1 0 1 0 0]
170,Buzz,[0 1 0 1 0 1 0 1 0 0]
171,Fizz,[1 1 0 1 0 1 0 1 0 0]
172,Non,[0 0 1 1 0 1 0 1 0 0]
173,Non,[1 0 1 1 0 1 0 1 0 0]
174,Fizz,[0 1 1 1 0 1 0 1 0 0]
175,Buzz,[1 1 1 1 0 1 0 1 0 0]
176,Non,[0 0 0 0 1 1 0 1 0 0]
177,Fizz,[1 0 0 0 1 1 0 1 0 0]
178,Non,[0 1 0 0 1 1 0 1 0 0]
179,Non,[1 1 0 0 1 1 0 1 0 0]
180,FizzBuzz,[0 0 1 0 1 1 0 1 0 0]
181,Non,[1 0 1 0 1 1 0 1 0 0]
182,Non,[0 1 1 0 1 1 0 1 0 0]
183,Fizz,[1 1 1 0 1 1 0 1 0 0]
184,Non,[0 0 0 1 1 1 0 1 0 0]
185,Buzz,[1 0 0 1 1 1 0 1 0 0]
186,Fizz,[0 1 0 1 1 1 0 1 0 0]
187,Non,[1 1 0 1 1 1 0 1 0 0]
188,Non,[0 0 1 1 1 1 0 1 0 0]
189,Fizz,[1 0 1 1 1 1 0 1 0 0]
190,Buzz,[0 1 1 1 1 1 0 1 0 0]
191,Non,[1 1 1 1 1 1 0 1 0 0]
192,Fizz,[0 0 0 0 0 0 1 1 0 0]
193,Non,[1 0 0 0 0 0 1 1 0 0]
194,Non,[0 1 0 0 0 0 1 1 0 0]
195,FizzBuzz,[1 1 0 0 0 0 1 1 0 0]
196,Non,[0 0 1 0 0 0 1 1 0 0]
197,Non,[1 0 1 0 0 0 1 1 0 0]
198,Fizz,[0 1 1 0 0 0 1 1 0 0]
199,Non,[1 1 1 0 0 0 1 1 0 0]
200,Buzz,[0 0 0 1 0 0 1 1 0 0]
201,Fizz,[1 0 0 1 0 0 1 1 0 0]
202,Non,[0 1 0 1 0 0 1 1 0 0]
203,Non,[1 1 0 1 0 0 1 1 0 0]
204,Fizz,[0 0 1 1 0 0 1 1 0 0]
205,Buzz,[1 0 1 1 0 0 1 1 0 0]
206,Non,[0 1 1 1 0 0 1 1 0 0]
207,Fizz,[1 1 1 1 0 0 1 1 0 0]
208,Non,[0 0 0 0 1 0 1 1 0 0]
209,Non,[1 0 0 0 1 0 1 1 0 0]
210,FizzBuzz,[0 1 0 0 1 0 1 1 0 0]
211,Non,[1 1 0 0 1 0 1 1 0 0]
212,Non,[0 0 1 0 1 0 1 1 0 0]
213,Fizz,[1 0 1 0 1 0 1 1 0 0]
214,Non,[0 1 1 0 1 0 1 1 0 0]
215,Buzz,[1 1 1 0 1 0 1 1 0 0]
216,Fizz,[0 0 0 1 1 0 1 1 0 0]
217,Non,[1 0 0 1 1 0 1 1 0 0]
218,Non,[0 1 0 1 1 0 1 1 0 0]
219,Fizz,[1 1 0 1 1 0 1 1 0 0]
220,Buzz,[0 0 1 1 1 0 1 1 0 0]
221,Non,[1 0 1 1 1 0 1 1 0 0]
222,Fizz,[0 1 1 1 1 0 1 1 0 0]
223,Non,[1 1 1 1 1 0 1 1 0 0]
224,Non,[0 0 0 0 0 1 1 1 0 0]
225,FizzBuzz,[1 0 0 0 0 1 1 1 0 0]
226,Non,[0 1 0 0 0 1 1 1 0 0]
227,Non,[1 1 0 0 0 1 1 1 0 0]
228,Fizz,[0 0 1 0 0 1 1 1 0 0]
229,Non,[1 0 1 0 0 1 1 1 0 0]
230,Buzz,[0 1 1 0 0 1 1 1 0 0]
231,Fizz,[1 1 1 0 0 1 1 1 0 0]
232,Non,[0 0 0 1 0 1 1 1 0 0]
233,Non,[1 0 0 1 0 1 1 1 0 0]
234,Fizz,[0 1 0 1 0 1 1 1 0 0]
235,Buzz,[1 1 0 1 0 1 1 1 0 0]
236,Non,[0 0 1 1 0 1 1 1 0 0]
237,Fizz,[1 0 1 1 0 1 1 1 0 0]
238,Non,[0 1 1 1 0 1 1 1 0 0]
239,Non,[1 1 1 1 0 1 1 1 0 0]
240,FizzBuzz,[0 0 0 0 1 1 1 1 0 0]
241,Non,[1 0 0 0 1 1 1 1 0 0]
242,Non,[0 1 0 0 1 1 1 1 0 0]
243,Fizz,[1 1 0 0 1 1 1 1 0 0]
244,Non,[0 0 1 0 1 1 1 1 0 0]
245,Buzz,[1 0 1 0 1 1 1 1 0 0]
246,Fizz,[0 1 1 0 1 1 1 1 0 0]
247,Non,[1 1 1 0 1 1 1 1 0 0]
248,Non,[0 0 0 1 1 1 1 1 0 0]
249,Fizz,[1 0 0 1 1 1 1 1 0 0]
250,Buzz,[0 1 0 1 1 1 1 1 0 0]
251,Non,[1 1 0 1 1 1 1 1 0 0]
252,Fizz,[0 0 1 1 1 1 1 1 0 0]
253,Non,[1 0 1 1 1 1 1 1 0 0]
254,Non,[0 1 1 1 1 1 1 1 0 0]
255,FizzBuzz,[1 1 1 1 1 1 1 1 0 0]
256,Non,[0 0 0 0 0 0 0 0 1 0]
257,Non,[1 0 0 0 0 0 0 0 1 0]
258,Fizz,[0 1 0 0 0 0 0 0 1 0]
259,Non,[1 1 0 0 0 0 0 0 1 0]
260,Buzz,[0 0 1 0 0 0 0 0 1 0]
261,Fizz,[1 0 1 0 0 0 0 0 1 0]
262,Non,[0 1 1 0 0 0 0 0 1 0]
263,Non,[1 1 1 0 0 0 0 0 1 0]
264,Fizz,[0 0 0 1 0 0 0 0 1 0]
265,Buzz,[1 0 0 1 0 0 0 0 1 0]
266,Non,[0 1 0 1 0 0 0 0 1 0]
267,Fizz,[1 1 0 1 0 0 0 0 1 0]
268,Non,[0 0 1 1 0 0 0 0 1 0]
269,Non,[1 0 1 1 0 0 0 0 1 0]
270,FizzBuzz,[0 1 1 1 0 0 0 0 1 0]
271,Non,[1 1 1 1 0 0 0 0 1 0]
272,Non,[0 0 0 0 1 0 0 0 1 0]
273,Fizz,[1 0 0 0 1 0 0 0 1 0]
274,Non,[0 1 0 0 1 0 0 0 1 0]
275,Buzz,[1 1 0 0 1 0 0 0 1 0]
276,Fizz,[0 0 1 0 1 0 0 0 1 0]
277,Non,[1 0 1 0 1 0 0 0 1 0]
278,Non,[0 1 1 0 1 0 0 0 1 0]
279,Fizz,[1 1 1 0 1 0 0 0 1 0]
280,Buzz,[0 0 0 1 1 0 0 0 1 0]
281,Non,[1 0 0 1 1 0 0 0 1 0]
282,Fizz,[0 1 0 1 1 0 0 0 1 0]
283,Non,[1 1 0 1 1 0 0 0 1 0]
284,Non,[0 0 1 1 1 0 0 0 1 0]
285,FizzBuzz,[1 0 1 1 1 0 0 0 1 0]
286,Non,[0 1 1 1 1 0 0 0 1 0]
287,Non,[1 1 1 1 1 0 0 0 1 0]
288,Fizz,[0 0 0 0 0 1 0 0 1 0]
289,Non,[1 0 0 0 0 1 0 0 1 0]
290,Buzz,[0 1 0 0 0 1 0 0 1 0]
291,Fizz,[1 1 0 0 0 1 0 0 1 0]
292,Non,[0 0 1 0 0 1 0 0 1 0]
293,Non,[1 0 1 0 0 1 0 0 1 0]
294,Fizz,[0 1 1 0 0 1 0 0 1 0]
295,Buzz,[1 1 1 0 0 1 0 0 1 0]
296,Non,[0 0 0 1 0 1 0 0 1 0]
297,Fizz,[1 0 0 1 0 1 0 0 1 0]
298,Non,[0 1 0 1 0 1 0 0 1 0]
299,Non,[1 1 0 1 0 1 0 0 1 0]
300,FizzBuzz,[0 0 1 1 0 1 0 0 1 0]
301,Non,[1 0 1 1 0 1 0 0 1 0]
302,Non,[0 1 1 1 0 1 0 0 1 0]
303,Fizz,[1 1 1 1 0 1 0 0 1 0]
304,Non,[0 0 0 0 1 1 0 0 1 0]
305,Buzz,[1 0 0 0 1 1 0 0 1 0]
306,Fizz,[0 1 0 0 1 1 0 0 1 0]
307,Non,[1 1 0 0 1 1 0 0 1 0]
308,Non,[0 0 1 0 1 1 0 0 1 0]
309,Fizz,[1 0 1 0 1 1 0 0 1 0]
310,Buzz,[0 1 1 0 1 1 0 0 1 0]
311,Non,[1 1 1 0 1 1 0 0 1 0]
312,Fizz,[0 0 0 1 1 1 0 0 1 0]
313,Non,[1 0 0 1 1 1 0 0 1 0]
314,Non,[0 1 0 1 1 1 0 0 1 0]
315,FizzBuzz,[1 1 0 1 1 1 0 0 1 0]
316,Non,[0 0 1 1 1 1 0 0 1 0]
317,Non,[1 0 1 1 1 1 0 0 1 0]
318,Fizz,[0 1 1 1 1 1 0 0 1 0]
319,Non,[1 1 1 1 1 1 0 0 1 0]
320,Buzz,[0 0 0 0 0 0 1 0 1 0]
321,Fizz,[1 0 0 0 0 0 1 0 1 0]
322,Non,[0 1 0 0 0 0 1 0 1 0]
323,Non,[1 1 0 0 0 0 1 0 1 0]
324,Fizz,[0 0 1 0 0 0 1 0 1 0]
325,Buzz,[1 0 1 0 0 0 1 0 1 0]
326,Non,[0 1 1 0 0 0 1 0 1 0]
327,Fizz,[1 1 1 0 0 0 1 0 1 0]
328,Non,[0 0 0 1 0 0 1 0 1 0]
329,Non,[1 0 0 1 0 0 1 0 1 0]
330,FizzBuzz,[0 1 0 1 0 0 1 0 1 0]
331,Non,[1 1 0 1 0 0 1 0 1 0]
332,Non,[0 0 1 1 0 0 1 0 1 0]
333,Fizz,[1 0 1 1 0 0 1 0 1 0]
334,Non,[0 1 1 1 0 0 1 0 1 0]
335,Buzz,[1 1 1 1 0 0 1 0 1 0]
336,Fizz,[0 0 0 0 1 0 1 0 1 0]
337,Non,[1 0 0 0 1 0 1 0 1 0]
338,Non,[0 1 0 0 1 0 1 0 1 0]
339,Fizz,[1 1 0 0 1 0 1 0 1 0]
340,Buzz,[0 0 1 0 1 0 1 0 1 0]
341,Non,[1 0 1 0 1 0 1 0 1 0]
342,Fizz,[0 1 1 0 1 0 1 0 1 0]
343,Non,[1 1 1 0 1 0 1 0 1 0]
344,Non,[0 0 0 1 1 0 1 0 1 0]
345,FizzBuzz,[1 0 0 1 1 0 1 0 1 0]
346,Non,[0 1 0 1 1 0 1 0 1 0]
347,Non,[1 1 0 1 1 0 1 0 1 0]
348,Fizz,[0 0 1 1 1 0 1 0 1 0]
349,Non,[1 0 1 1 1 0 1 0 1 0]
350,Buzz,[0 1 1 1 1 0 1 0 1 0]
351,Fizz,[1 1 1 1 1 0 1 0 1 0]
352,Non,[0 0 0 0 0 1 1 0 1 0]
353,Non,[1 0 0 0 0 1 1 0 1 0]
354,Fizz,[0 1 0 0 0 1 1 0 1 0]
355,Buzz,[1 1 0 0 0 1 1 0 1 0]
356,Non,[0 0 1 0 0 1 1 0 1 0]
357,Fizz,[1 0 1 0 0 1 1 0 1 0]
358,Non,[0 1 1 0 0 1 1 0 1 0]
359,Non,[1 1 1 0 0 1 1 0 1 0]
360,FizzBuzz,[0 0 0 1 0 1 1 0 1 0]
361,Non,[1 0 0 1 0 1 1 0 1 0]
362,Non,[0 1 0 1 0 1 1 0 1 0]
363,Fizz,[1 1 0 1 0 1 1 0 1 0]
364,Non,[0 0 1 1 0 1 1 0 1 0]
365,Buzz,[1 0 1 1 0 1 1 0 1 0]
366,Fizz,[0 1 1 1 0 1 1 0 1 0]
367,Non,[1 1 1 1 0 1 1 0 1 0]
368,Non,[0 0 0 0 1 1 1 0 1 0]
369,Fizz,[1 0 0 0 1 1 1 0 1 0]
370,Buzz,[0 1 0 0 1 1 1 0 1 0]
371,Non,[1 1 0 0 1 1 1 0 1 0]
372,Fizz,[0 0 1 0 1 1 1 0 1 0]
373,Non,[1 0 1 0 1 1 1 0 1 0]
374,Non,[0 1 1 0 1 1 1 0 1 0]
375,FizzBuzz,[1 1 1 0 1 1 1 0 1 0]
376,Non,[0 0 0 1 1 1 1 0 1 0]
377,Non,[1 0 0 1 1 1 1 0 1 0]
378,Fizz,[0 1 0 1 1 1 1 0 1 0]
379,Non,[1 1 0 1 1 1 1 0 1 0]
380,Buzz,[0 0 1 1 1 1 1 0 1 0]
381,Fizz,[1 0 1 1 1 1 1 0 1 0]
382,Non,[0 1 1 1 1 1 1 0 1 0]
383,Non,[1 1 1 1 1 1 1 0 1 0]
384,Fizz,[0 0 0 0 0 0 0 1 1 0]
385,Buzz,[1 0 0 0 0 0 0 1 1 0]
386,Non,[0 1 0 0 0 0 0 1 1 0]
387,Fizz,[1 1 0 0 0 0 0 1 1 0]
388,Non,[0 0 1 0 0 0 0 1 1 0]
389,Non,[1 0 1 0 0 0 0 1 1 0]
390,FizzBuzz,[0 1 1 0 0 0 0 1 1 0]
391,Non,[1 1 1 0 0 0 0 1 1 0]
392,Non,[0 0 0 1 0 0 0 1 1 0]
393,Fizz,[1 0 0 1 0 0 0 1 1 0]
394,Non,[0 1 0 1 0 0 0 1 1 0]
395,Buzz,[1 1 0 1 0 0 0 1 1 0]
396,Fizz,[0 0 1 1 0 0 0 1 1 0]
397,Non,[1 0 1 1 0 0 0 1 1 0]
398,Non,[0 1 1 1 0 0 0 1 1 0]
399,Fizz,[1 1 1 1 0 0 0 1 1 0]
400,Buzz,[0 0 0 0 1 0 0 1 1 0]
401,Non,[1 0 0 0 1 0 0 1 1 0]
402,Fizz,[0 1 0 0 1 0 0 1 1 0]
403,Non,[1 1 0 0 1 0 0 1 1 0]
404,Non,[0 0 1 0 1 0 0 1 1 0]
405,FizzBuzz,[1 0 1 0 1 0 0 1 1 0]
406,Non,[0 1 1 0 1 0 0 1 1 0]
407,Non,[1 1 1 0 1 0 0 1 1 0]
408,Fizz,[0 0 0 1 1 0 0 1 1 0]
409,Non,[1 0 0 1 1 0 0 1 1 0]
410,Buzz,[0 1 0 1 1 0 0 1 1 0]
411,Fizz,[1 1 0 1 1 0 0 1 1 0]
412,Non,[0 0 1 1 1 0 0 1 1 0]
413,Non,[1 0 1 1 1 0 0 1 1 0]
414,Fizz,[0 1 1 1 1 0 0 1 1 0]
415,Buzz,[1 1 1 1 1 0 0 1 1 0]
416,Non,[0 0 0 0 0 1 0 1 1 0]
417,Fizz,[1 0 0 0 0 1 0 1 1 0]
418,Non,[0 1 0 0 0 1 0 1 1 0]
419,Non,[1 1 0 0 0 1 0 1 1 0]
420,FizzBuzz,[0 0 1 0 0 1 0 1 1 0]
421,Non,[1 0 1 0 0 1 0 1 1 0]
422,Non,[0 1 1 0 0 1 0 1 1 0]
423,Fizz,[1 1 1 0 0 1 0 1 1 0]
424,Non,[0 0 0 1 0 1 0 1 1 0]
425,Buzz,[1 0 0 1 0 1 0 1 1 0]
426,Fizz,[0 1 0 1 0 1 0 1 1 0]
427,Non,[1 1 0 1 0 1 0 1 1 0]
428,Non,[0 0 1 1 0 1 0 1 1 0]
429,Fizz,[1 0 1 1 0 1 0 1 1 0]
430,Buzz,[0 1 1 1 0 1 0 1 1 0]
431,Non,[1 1 1 1 0 1 0 1 1 0]
432,Fizz,[0 0 0 0 1 1 0 1 1 0]
433,Non,[1 0 0 0 1 1 0 1 1 0]
434,Non,[0 1 0 0 1 1 0 1 1 0]
435,FizzBuzz,[1 1 0 0 1 1 0 1 1 0]
436,Non,[0 0 1 0 1 1 0 1 1 0]
437,Non,[1 0 1 0 1 1 0 1 1 0]
438,Fizz,[0 1 1 0 1 1 0 1 1 0]
439,Non,[1 1 1 0 1 1 0 1 1 0]
440,Buzz,[0 0 0 1 1 1 0 1 1 0]
441,Fizz,[1 0 0 1 1 1 0 1 1 0]
442,Non,[0 1 0 1 1 1 0 1 1 0]
443,Non,[1 1 0 1 1 1 0 1 1 0]
444,Fizz,[0 0 1 1 1 1 0 1 1 0]
445,Buzz,[1 0 1 1 1 1 0 1 1 0]
446,Non,[0 1 1 1 1 1 0 1 1 0]
447,Fizz,[1 1 1 1 1 1 0 1 1 0]
448,Non,[0 0 0 0 0 0 1 1 1 0]
449,Non,[1 0 0 0 0 0 1 1 1 0]
450,FizzBuzz,[0 1 0 0 0 0 1 1 1 0]
451,Non,[1 1 0 0 0 0 1 1 1 0]
452,Non,[0 0 1 0 0 0 1 1 1 0]
453,Fizz,[1 0 1 0 0 0 1 1 1 0]
454,Non,[0 1 1 0 0 0 1 1 1 0]
455,Buzz,[1 1 1 0 0 0 1 1 1 0]
456,Fizz,[0 0 0 1 0 0 1 1 1 0]
457,Non,[1 0 0 1 0 0 1 1 1 0]
458,Non,[0 1 0 1 0 0 1 1 1 0]
459,Fizz,[1 1 0 1 0 0 1 1 1 0]
460,Buzz,[0 0 1 1 0 0 1 1 1 0]
461,Non,[1 0 1 1 0 0 1 1 1 0]
462,Fizz,[0 1 1 1 0 0 1 1 1 0]
463,Non,[1 1 1 1 0 0 1 1 1 0]
464,Non,[0 0 0 0 1 0 1 1 1 0]
465,FizzBuzz,[1 0 0 0 1 0 1 1 1 0]
466,Non,[0 1 0 0 1 0 1 1 1 0]
467,Non,[1 1 0 0 1 0 1 1 1 0]
468,Fizz,[0 0 1 0 1 0 1 1 1 0]
469,Non,[1 0 1 0 1 0 1 1 1 0]
470,Buzz,[0 1 1 0 1 0 1 1 1 0]
471,Fizz,[1 1 1 0 1 0 1 1 1 0]
472,Non,[0 0 0 1 1 0 1 1 1 0]
473,Non,[1 0 0 1 1 0 1 1 1 0]
474,Fizz,[0 1 0 1 1 0 1 1 1 0]
475,Buzz,[1 1 0 1 1 0 1 1 1 0]
476,Non,[0 0 1 1 1 0 1 1 1 0]
477,Fizz,[1 0 1 1 1 0 1 1 1 0]
478,Non,[0 1 1 1 1 0 1 1 1 0]
479,Non,[1 1 1 1 1 0 1 1 1 0]
480,FizzBuzz,[0 0 0 0 0 1 1 1 1 0]
481,Non,[1 0 0 0 0 1 1 1 1 0]
482,Non,[0 1 0 0 0 1 1 1 1 0]
483,Fizz,[1 1 0 0 0 1 1 1 1 0]
484,Non,[0 0 1 0 0 1 1 1 1 0]
485,Buzz,[1 0 1 0 0 1 1 1 1 0]
486,Fizz,[0 1 1 0 0 1 1 1 1 0]
487,Non,[1 1 1 0 0 1 1 1 1 0]
488,Non,[0 0 0 1 0 1 1 1 1 0]
489,Fizz,[1 0 0 1 0 1 1 1 1 0]
490,Buzz,[0 1 0 1 0 1 1 1 1 0]
491,Non,[1 1 0 1 0 1 1 1 1 0]
492,Fizz,[0 0 1 1 0 1 1 1 1 0]
493,Non,[1 0 1 1 0 1 1 1 1 0]
494,Non,[0 1 1 1 0 1 1 1 1 0]
495,FizzBuzz,[1 1 1 1 0 1 1 1 1 0]
496,Non,[0 0 0 0 1 1 1 1 1 0]
497,Non,[1 0 0 0 1 1 1 1 1 0]
498,Fizz,[0 1 0 0 1 1 1 1 1 0]
499,Non,[1 1 0 0 1 1 1 1 1 0]
500,Buzz,[0 0 1 0 1 1 1 1 1 0]
501,Fizz,[1 0 1 0 1 1 1 1 1 0]
502,Non,[0 1 1 0 1 1 1 1 1 0]
503,Non,[1 1 1 0 1 1 1 1 1 0]
504,Fizz,[0 0 0 1 1 1 1 1 1 0]
505,Buzz,[1 0 0 1 1 1 1 1 1 0]
506,Non,[0 1 0 1 1 1 1 1 1 0]
507,Fizz,[1 1 0 1 1 1 1 1 1 0]
508,Non,[0 0 1 1 1 1 1 1 1 0]
509,Non,[1 0 1 1 1 1 1 1 1 0]
510,FizzBuzz,[0 1 1 1 1 1 1 1 1 0]
511,Non,[1 1 1 1 1 1 1 1 1 0]
512,Non,[0 0 0 0 0 0 0 0 0 1]
513,Fizz,[1 0 0 0 0 0 0 0 0 1]
514,Non,[0 1 0 0 0 0 0 0 0 1]
515,Buzz,[1 1 0 0 0 0 0 0 0 1]
516,Fizz,[0 0 1 0 0 0 0 0 0 1]
517,Non,[1 0 1 0 0 0 0 0 0 1]
518,Non,[0 1 1 0 0 0 0 0 0 1]
519,Fizz,[1 1 1 0 0 0 0 0 0 1]
520,Buzz,[0 0 0 1 0 0 0 0 0 1]
521,Non,[1 0 0 1 0 0 0 0 0 1]
522,Fizz,[0 1 0 1 0 0 0 0 0 1]
523,Non,[1 1 0 1 0 0 0 0 0 1]
524,Non,[0 0 1 1 0 0 0 0 0 1]
525,FizzBuzz,[1 0 1 1 0 0 0 0 0 1]
526,Non,[0 1 1 1 0 0 0 0 0 1]
527,Non,[1 1 1 1 0 0 0 0 0 1]
528,Fizz,[0 0 0 0 1 0 0 0 0 1]
529,Non,[1 0 0 0 1 0 0 0 0 1]
530,Buzz,[0 1 0 0 1 0 0 0 0 1]
531,Fizz,[1 1 0 0 1 0 0 0 0 1]
532,Non,[0 0 1 0 1 0 0 0 0 1]
533,Non,[1 0 1 0 1 0 0 0 0 1]
534,Fizz,[0 1 1 0 1 0 0 0 0 1]
535,Buzz,[1 1 1 0 1 0 0 0 0 1]
536,Non,[0 0 0 1 1 0 0 0 0 1]
537,Fizz,[1 0 0 1 1 0 0 0 0 1]
538,Non,[0 1 0 1 1 0 0 0 0 1]
539,Non,[1 1 0 1 1 0 0 0 0 1]
540,FizzBuzz,[0 0 1 1 1 0 0 0 0 1]
541,Non,[1 0 1 1 1 0 0 0 0 1]
542,Non,[0 1 1 1 1 0 0 0 0 1]
543,Fizz,[1 1 1 1 1 0 0 0 0 1]
544,Non,[0 0 0 0 0 1 0 0 0 1]
545,Buzz,[1 0 0 0 0 1 0 0 0 1]
546,Fizz,[0 1 0 0 0 1 0 0 0 1]
547,Non,[1 1 0 0 0 1 0 0 0 1]
548,Non,[0 0 1 0 0 1 0 0 0 1]
549,Fizz,[1 0 1 0 0 1 0 0 0 1]
550,Buzz,[0 1 1 0 0 1 0 0 0 1]
551,Non,[1 1 1 0 0 1 0 0 0 1]
552,Fizz,[0 0 0 1 0 1 0 0 0 1]
553,Non,[1 0 0 1 0 1 0 0 0 1]
554,Non,[0 1 0 1 0 1 0 0 0 1]
555,FizzBuzz,[1 1 0 1 0 1 0 0 0 1]
556,Non,[0 0 1 1 0 1 0 0 0 1]
557,Non,[1 0 1 1 0 1 0 0 0 1]
558,Fizz,[0 1 1 1 0 1 0 0 0 1]
559,Non,[1 1 1 1 0 1 0 0 0 1]
560,Buzz,[0 0 0 0 1 1 0 0 0 1]
561,Fizz,[1 0 0 0 1 1 0 0 0 1]
562,Non,[0 1 0 0 1 1 0 0 0 1]
563,Non,[1 1 0 0 1 1 0 0 0 1]
564,Fizz,[0 0 1 0 1 1 0 0 0 1]
565,Buzz,[1 0 1 0 1 1 0 0 0 1]
566,Non,[0 1 1 0 1 1 0 0 0 1]
567,Fizz,[1 1 1 0 1 1 0 0 0 1]
568,Non,[0 0 0 1 1 1 0 0 0 1]
569,Non,[1 0 0 1 1 1 0 0 0 1]
570,FizzBuzz,[0 1 0 1 1 1 0 0 0 1]
571,Non,[1 1 0 1 1 1 0 0 0 1]
572,Non,[0 0 1 1 1 1 0 0 0 1]
573,Fizz,[1 0 1 1 1 1 0 0 0 1]
574,Non,[0 1 1 1 1 1 0 0 0 1]
575,Buzz,[1 1 1 1 1 1 0 0 0 1]
576,Fizz,[0 0 0 0 0 0 1 0 0 1]
577,Non,[1 0 0 0 0 0 1 0 0 1]
578,Non,[0 1 0 0 0 0 1 0 0 1]
579,Fizz,[1 1 0 0 0 0 1 0 0 1]
580,Buzz,[0 0 1 0 0 0 1 0 0 1]
581,Non,[1 0 1 0 0 0 1 0 0 1]
582,Fizz,[0 1 1 0 0 0 1 0 0 1]
583,Non,[1 1 1 0 0 0 1 0 0 1]
584,Non,[0 0 0 1 0 0 1 0 0 1]
585,FizzBuzz,[1 0 0 1 0 0 1 0 0 1]
586,Non,[0 1 0 1 0 0 1 0 0 1]
587,Non,[1 1 0 1 0 0 1 0 0 1]
588,Fizz,[0 0 1 1 0 0 1 0 0 1]
589,Non,[1 0 1 1 0 0 1 0 0 1]
590,Buzz,[0 1 1 1 0 0 1 0 0 1]
591,Fizz,[1 1 1 1 0 0 1 0 0 1]
592,Non,[0 0 0 0 1 0 1 0 0 1]
593,Non,[1 0 0 0 1 0 1 0 0 1]
594,Fizz,[0 1 0 0 1 0 1 0 0 1]
595,Buzz,[1 1 0 0 1 0 1 0 0 1]
596,Non,[0 0 1 0 1 0 1 0 0 1]
597,Fizz,[1 0 1 0 1 0 1 0 0 1]
598,Non,[0 1 1 0 1 0 1 0 0 1]
599,Non,[1 1 1 0 1 0 1 0 0 1]
600,FizzBuzz,[0 0 0 1 1 0 1 0 0 1]
601,Non,[1 0 0 1 1 0 1 0 0 1]
602,Non,[0 1 0 1 1 0 1 0 0 1]
603,Fizz,[1 1 0 1 1 0 1 0 0 1]
604,Non,[0 0 1 1 1 0 1 0 0 1]
605,Buzz,[1 0 1 1 1 0 1 0 0 1]
606,Fizz,[0 1 1 1 1 0 1 0 0 1]
607,Non,[1 1 1 1 1 0 1 0 0 1]
608,Non,[0 0 0 0 0 1 1 0 0 1]
609,Fizz,[1 0 0 0 0 1 1 0 0 1]
610,Buzz,[0 1 0 0 0 1 1 0 0 1]
611,Non,[1 1 0 0 0 1 1 0 0 1]
612,Fizz,[0 0 1 0 0 1 1 0 0 1]
613,Non,[1 0 1 0 0 1 1 0 0 1]
614,Non,[0 1 1 0 0 1 1 0 0 1]
615,FizzBuzz,[1 1 1 0 0 1 1 0 0 1]
616,Non,[0 0 0 1 0 1 1 0 0 1]
617,Non,[1 0 0 1 0 1 1 0 0 1]
618,Fizz,[0 1 0 1 0 1 1 0 0 1]
619,Non,[1 1 0 1 0 1 1 0 0 1]
620,Buzz,[0 0 1 1 0 1 1 0 0 1]
621,Fizz,[1 0 1 1 0 1 1 0 0 1]
622,Non,[0 1 1 1 0 1 1 0 0 1]
623,Non,[1 1 1 1 0 1 1 0 0 1]
624,Fizz,[0 0 0 0 1 1 1 0 0 1]
625,Buzz,[1 0 0 0 1 1 1 0 0 1]
626,Non,[0 1 0 0 1 1 1 0 0 1]
627,Fizz,[1 1 0 0 1 1 1 0 0 1]
628,Non,[0 0 1 0 1 1 1 0 0 1]
629,Non,[1 0 1 0 1 1 1 0 0 1]
630,FizzBuzz,[0 1 1 0 1 1 1 0 0 1]
631,Non,[1 1 1 0 1 1 1 0 0 1]
632,Non,[0 0 0 1 1 1 1 0 0 1]
633,Fizz,[1 0 0 1 1 1 1 0 0 1]
634,Non,[0 1 0 1 1 1 1 0 0 1]
635,Buzz,[1 1 0 1 1 1 1 0 0 1]
636,Fizz,[0 0 1 1 1 1 1 0 0 1]
637,Non,[1 0 1 1 1 1 1 0 0 1]
638,Non,[0 1 1 1 1 1 1 0 0 1]
639,Fizz,[1 1 1 1 1 1 1 0 0 1]
640,Buzz,[0 0 0 0 0 0 0 1 0 1]
641,Non,[1 0 0 0 0 0 0 1 0 1]
642,Fizz,[0 1 0 0 0 0 0 1 0 1]
643,Non,[1 1 0 0 0 0 0 1 0 1]
644,Non,[0 0 1 0 0 0 0 1 0 1]
645,FizzBuzz,[1 0 1 0 0 0 0 1 0 1]
646,Non,[0 1 1 0 0 0 0 1 0 1]
647,Non,[1 1 1 0 0 0 0 1 0 1]
648,Fizz,[0 0 0 1 0 0 0 1 0 1]
649,Non,[1 0 0 1 0 0 0 1 0 1]
650,Buzz,[0 1 0 1 0 0 0 1 0 1]
651,Fizz,[1 1 0 1 0 0 0 1 0 1]
652,Non,[0 0 1 1 0 0 0 1 0 1]
653,Non,[1 0 1 1 0 0 0 1 0 1]
654,Fizz,[0 1 1 1 0 0 0 1 0 1]
655,Buzz,[1 1 1 1 0 0 0 1 0 1]
656,Non,[0 0 0 0 1 0 0 1 0 1]
657,Fizz,[1 0 0 0 1 0 0 1 0 1]
658,Non,[0 1 0 0 1 0 0 1 0 1]
659,Non,[1 1 0 0 1 0 0 1 0 1]
660,FizzBuzz,[0 0 1 0 1 0 0 1 0 1]
661,Non,[1 0 1 0 1 0 0 1 0 1]
662,Non,[0 1 1 0 1 0 0 1 0 1]
663,Fizz,[1 1 1 0 1 0 0 1 0 1]
664,Non,[0 0 0 1 1 0 0 1 0 1]
665,Buzz,[1 0 0 1 1 0 0 1 0 1]
666,Fizz,[0 1 0 1 1 0 0 1 0 1]
667,Non,[1 1 0 1 1 0 0 1 0 1]
668,Non,[0 0 1 1 1 0 0 1 0 1]
669,Fizz,[1 0 1 1 1 0 0 1 0 1]
670,Buzz,[0 1 1 1 1 0 0 1 0 1]
671,Non,[1 1 1 1 1 0 0 1 0 1]
672,Fizz,[0 0 0 0 0 1 0 1 0 1]
673,Non,[1 0 0 0 0 1 0 1 0 1]
674,Non,[0 1 0 0 0 1 0 1 0 1]
675,FizzBuzz,[1 1 0 0 0 1 0 1 0 1]
676,Non,[0 0 1 0 0 1 0 1 0 1]
677,Non,[1 0 1 0 0 1 0 1 0 1]
678,Fizz,[0 1 1 0 0 1 0 1 0 1]
679,Non,[1 1 1 0 0 1 0 1 0 1]
680,Buzz,[0 0 0 1 0 1 0 1 0 1]
681,Fizz,[1 0 0 1 0 1 0 1 0 1]
682,Non,[0 1 0 1 0 1 0 1 0 1]
683,Non,[1 1 0 1 0 1 0 1 0 1]
684,Fizz,[0 0 1 1 0 1 0 1 0 1]
685,Buzz,[1 0 1 1 0 1 0 1 0 1]
686,Non,[0 1 1 1 0 1 0 1 0 1]
687,Fizz,[1 1 1 1 0 1 0 1 0 1]
688,Non,[0 0 0 0 1 1 0 1 0 1]
689,Non,[1 0 0 0 1 1 0 1 0 1]
690,FizzBuzz,[0 1 0 0 1 1 0 1 0 1]
691,Non,[1 1 0 0 1 1 0 1 0 1]
692,Non,[0 0 1 0 1 1 0 1 0 1]
693,Fizz,[1 0 1 0 1 1 0 1 0 1]
694,Non,[0 1 1 0 1 1 0 1 0 1]
695,Buzz,[1 1 1 0 1 1 0 1 0 1]
696,Fizz,[0 0 0 1 1 1 0 1 0 1]
697,Non,[1 0 0 1 1 1 0 1 0 1]
698,Non,[0 1 0 1 1 1 0 1 0 1]
699,Fizz,[1 1 0 1 1 1 0 1 0 1]
700,Buzz,[0 0 1 1 1 1 0 1 0 1]
701,Non,[1 0 1 1 1 1 0 1 0 1]
702,Fizz,[0 1 1 1 1 1 0 1 0 1]
703,Non,[1 1 1 1 1 1 0 1 0 1]
704,Non,[0 0 0 0 0 0 1 1 0 1]
705,FizzBuzz,[1 0 0 0 0 0 1 1 0 1]
706,Non,[0 1 0 0 0 0 1 1 0 1]
707,Non,[1 1 0 0 0 0 1 1 0 1]
708,Fizz,[0 0 1 0 0 0 1 1 0 1]
709,Non,[1 0 1 0 0 0 1 1 0 1]
710,Buzz,[0 1 1 0 0 0 1 1 0 1]
711,Fizz,[1 1 1 0 0 0 1 1 0 1]
712,Non,[0 0 0 1 0 0 1 1 0 1]
713,Non,[1 0 0 1 0 0 1 1 0 1]
714,Fizz,[0 1 0 1 0 0 1 1 0 1]
715,Buzz,[1 1 0 1 0 0 1 1 0 1]
716,Non,[0 0 1 1 0 0 1 1 0 1]
717,Fizz,[1 0 1 1 0 0 1 1 0 1]
718,Non,[0 1 1 1 0 0 1 1 0 1]
719,Non,[1 1 1 1 0 0 1 1 0 1]
720,FizzBuzz,[0 0 0 0 1 0 1 1 0 1]
721,Non,[1 0 0 0 1 0 1 1 0 1]
722,Non,[0 1 0 0 1 0 1 1 0 1]
723,Fizz,[1 1 0 0 1 0 1 1 0 1]
724,Non,[0 0 1 0 1 0 1 1 0 1]
725,Buzz,[1 0 1 0 1 0 1 1 0 1]
726,Fizz,[0 1 1 0 1 0 1 1 0 1]
727,Non,[1 1 1 0 1 0 1 1 0 1]
728,Non,[0 0 0 1 1 0 1 1 0 1]
729,Fizz,[1 0 0 1 1 0 1 1 0 1]
730,Buzz,[0 1 0 1 1 0 1 1 0 1]
731,Non,[1 1 0 1 1 0 1 1 0 1]
732,Fizz,[0 0 1 1 1 0 1 1 0 1]
733,Non,[1 0 1 1 1 0 1 1 0 1]
734,Non,[0 1 1 1 1 0 1 1 0 1]
735,FizzBuzz,[1 1 1 1 1 0 1 1 0 1]
736,Non,[0 0 0 0 0 1 1 1 0 1]
737,Non,[1 0 0 0 0 1 1 1 0 1]
738,Fizz,[0 1 0 0 0 1 1 1 0 1]
739,Non,[1 1 0 0 0 1 1 1 0 1]
740,Buzz,[0 0 1 0 0 1 1 1 0 1]
741,Fizz,[1 0 1 0 0 1 1 1 0 1]
742,Non,[0 1 1 0 0 1 1 1 0 1]
743,Non,[1 1 1 0 0 1 1 1 0 1]
744,Fizz,[0 0 0 1 0 1 1 1 0 1]
745,Buzz,[1 0 0 1 0 1 1 1 0 1]
746,Non,[0 1 0 1 0 1 1 1 0 1]
747,Fizz,[1 1 0 1 0 1 1 1 0 1]
748,Non,[0 0 1 1 0 1 1 1 0 1]
749,Non,[1 0 1 1 0 1 1 1 0 1]
750,FizzBuzz,[0 1 1 1 0 1 1 1 0 1]
751,Non,[1 1 1 1 0 1 1 1 0 1]
752,Non,[0 0 0 0 1 1 1 1 0 1]
753,Fizz,[1 0 0 0 1 1 1 1 0 1]
754,Non,[0 1 0 0 1 1 1 1 0 1]
755,Buzz,[1 1 0 0 1 1 1 1 0 1]
756,Fizz,[0 0 1 0 1 1 1 1 0 1]
757,Non,[1 0 1 0 1 1 1 1 0 1]
758,Non,[0 1 1 0 1 1 1 1 0 1]
759,Fizz,[1 1 1 0 1 1 1 1 0 1]
760,Buzz,[0 0 0 1 1 1 1 1 0 1]
761,Non,[1 0 0 1 1 1 1 1 0 1]
762,Fizz,[0 1 0 1 1 1 1 1 0 1]
763,Non,[1 1 0 1 1 1 1 1 0 1]
764,Non,[0 0 1 1 1 1 1 1 0 1]
765,FizzBuzz,[1 0 1 1 1 1 1 1 0 1]
766,Non,[0 1 1 1 1 1 1 1 0 1]
767,Non,[1 1 1 1 1 1 1 1 0 1]
768,Fizz,[0 0 0 0 0 0 0 0 1 1]
769,Non,[1 0 0 0 0 0 0 0 1 1]
770,Buzz,[0 1 0 0 0 0 0 0 1 1]
771,Fizz,[1 1 0 0 0 0 0 0 1 1]
772,Non,[0 0 1 0 0 0 0 0 1 1]
773,Non,[1 0 1 0 0 0 0 0 1 1]
774,Fizz,[0 1 1 0 0 0 0 0 1 1]
775,Buzz,[1 1 1 0 0 0 0 0 1 1]
776,Non,[0 0 0 1 0 0 0 0 1 1]
777,Fizz,[1 0 0 1 0 0 0 0 1 1]
778,Non,[0 1 0 1 0 0 0 0 1 1]
779,Non,[1 1 0 1 0 0 0 0 1 1]
780,FizzBuzz,[0 0 1 1 0 0 0 0 1 1]
781,Non,[1 0 1 1 0 0 0 0 1 1]
782,Non,[0 1 1 1 0 0 0 0 1 1]
783,Fizz,[1 1 1 1 0 0 0 0 1 1]
784,Non,[0 0 0 0 1 0 0 0 1 1]
785,Buzz,[1 0 0 0 1 0 0 0 1 1]
786,Fizz,[0 1 0 0 1 0 0 0 1 1]
787,Non,[1 1 0 0 1 0 0 0 1 1]
788,Non,[0 0 1 0 1 0 0 0 1 1]
789,Fizz,[1 0 1 0 1 0 0 0 1 1]
790,Buzz,[0 1 1 0 1 0 0 0 1 1]
791,Non,[1 1 1 0 1 0 0 0 1 1]
792,Fizz,[0 0 0 1 1 0 0 0 1 1]
793,Non,[1 0 0 1 1 0 0 0 1 1]
794,Non,[0 1 0 1 1 0 0 0 1 1]
795,FizzBuzz,[1 1 0 1 1 0 0 0 1 1]
796,Non,[0 0 1 1 1 0 0 0 1 1]
797,Non,[1 0 1 1 1 0 0 0 1 1]
798,Fizz,[0 1 1 1 1 0 0 0 1 1]
799,Non,[1 1 1 1 1 0 0 0 1 1]
800,Buzz,[0 0 0 0 0 1 0 0 1 1]
801,Fizz,[1 0 0 0 0 1 0 0 1 1]
802,Non,[0 1 0 0 0 1 0 0 1 1]
803,Non,[1 1 0 0 0 1 0 0 1 1]
804,Fizz,[0 0 1 0 0 1 0 0 1 1]
805,Buzz,[1 0 1 0 0 1 0 0 1 1]
806,Non,[0 1 1 0 0 1 0 0 1 1]
807,Fizz,[1 1 1 0 0 1 0 0 1 1]
808,Non,[0 0 0 1 0 1 0 0 1 1]
809,Non,[1 0 0 1 0 1 0 0 1 1]
810,FizzBuzz,[0 1 0 1 0 1 0 0 1 1]
811,Non,[1 1 0 1 0 1 0 0 1 1]
812,Non,[0 0 1 1 0 1 0 0 1 1]
813,Fizz,[1 0 1 1 0 1 0 0 1 1]
814,Non,[0 1 1 1 0 1 0 0 1 1]
815,Buzz,[1 1 1 1 0 1 0 0 1 1]
816,Fizz,[0 0 0 0 1 1 0 0 1 1]
817,Non,[1 0 0 0 1 1 0 0 1 1]
818,Non,[0 1 0 0 1 1 0 0 1 1]
819,Fizz,[1 1 0 0 1 1 0 0 1 1]
820,Buzz,[0 0 1 0 1 1 0 0 1 1]
821,Non,[1 0 1 0 1 1 0 0 1 1]
822,Fizz,[0 1 1 0 1 1 0 0 1 1]
823,Non,[1 1 1 0 1 1 0 0 1 1]
824,Non,[0 0 0 1 1 1 0 0 1 1]
825,FizzBuzz,[1 0 0 1 1 1 0 0 1 1]
826,Non,[0 1 0 1 1 1 0 0 1 1]
827,Non,[1 1 0 1 1 1 0 0 1 1]
828,Fizz,[0 0 1 1 1 1 0 0 1 1]
829,Non,[1 0 1 1 1 1 0 0 1 1]
830,Buzz,[0 1 1 1 1 1 0 0 1 1]
831,Fizz,[1 1 1 1 1 1 0 0 1 1]
832,Non,[0 0 0 0 0 0 1 0 1 1]
833,Non,[1 0 0 0 0 0 1 0 1 1]
834,Fizz,[0 1 0 0 0 0 1 0 1 1]
835,Buzz,[1 1 0 0 0 0 1 0 1 1]
836,Non,[0 0 1 0 0 0 1 0 1 1]
837,Fizz,[1 0 1 0 0 0 1 0 1 1]
838,Non,[0 1 1 0 0 0 1 0 1 1]
839,Non,[1 1 1 0 0 0 1 0 1 1]
840,FizzBuzz,[0 0 0 1 0 0 1 0 1 1]
841,Non,[1 0 0 1 0 0 1 0 1 1]
842,Non,[0 1 0 1 0 0 1 0 1 1]
843,Fizz,[1 1 0 1 0 0 1 0 1 1]
844,Non,[0 0 1 1 0 0 1 0 1 1]
845,Buzz,[1 0 1 1 0 0 1 0 1 1]
846,Fizz,[0 1 1 1 0 0 1 0 1 1]
847,Non,[1 1 1 1 0 0 1 0 1 1]
848,Non,[0 0 0 0 1 0 1 0 1 1]
849,Fizz,[1 0 0 0 1 0 1 0 1 1]
850,Buzz,[0 1 0 0 1 0 1 0 1 1]
851,Non,[1 1 0 0 1 0 1 0 1 1]
852,Fizz,[0 0 1 0 1 0 1 0 1 1]
853,Non,[1 0 1 0 1 0 1 0 1 1]
854,Non,[0 1 1 0 1 0 1 0 1 1]
855,FizzBuzz,[1 1 1 0 1 0 1 0 1 1]
856,Non,[0 0 0 1 1 0 1 0 1 1]
857,Non,[1 0 0 1 1 0 1 0 1 1]
858,Fizz,[0 1 0 1 1 0 1 0 1 1]
859,Non,[1 1 0 1 1 0 1 0 1 1]
860,Buzz,[0 0 1 1 1 0 1 0 1 1]
861,Fizz,[1 0 1 1 1 0 1 0 1 1]
862,Non,[0 1 1 1 1 0 1 0 1 1]
863,Non,[1 1 1 1 1 0 1 0 1 1]
864,Fizz,[0 0 0 0 0 1 1 0 1 1]
865,Buzz,[1 0 0 0 0 1 1 0 1 1]
866,Non,[0 1 0 0 0 1 1 0 1 1]
867,Fizz,[1 1 0 0 0 1 1 0 1 1]
868,Non,[0 0 1 0 0 1 1 0 1 1]
869,Non,[1 0 1 0 0 1 1 0 1 1]
870,FizzBuzz,[0 1 1 0 0 1 1 0 1 1]
871,Non,[1 1 1 0 0 1 1 0 1 1]
872,Non,[0 0 0 1 0 1 1 0 1 1]
873,Fizz,[1 0 0 1 0 1 1 0 1 1]
874,Non,[0 1 0 1 0 1 1 0 1 1]
875,Buzz,[1 1 0 1 0 1 1 0 1 1]
876,Fizz,[0 0 1 1 0 1 1 0 1 1]
877,Non,[1 0 1 1 0 1 1 0 1 1]
878,Non,[0 1 1 1 0 1 1 0 1 1]
879,Fizz,[1 1 1 1 0 1 1 0 1 1]
880,Buzz,[0 0 0 0 1 1 1 0 1 1]
881,Non,[1 0 0 0 1 1 1 0 1 1]
882,Fizz,[0 1 0 0 1 1 1 0 1 1]
883,Non,[1 1 0 0 1 1 1 0 1 1]
884,Non,[0 0 1 0 1 1 1 0 1 1]
885,FizzBuzz,[1 0 1 0 1 1 1 0 1 1]
886,Non,[0 1 1 0 1 1 1 0 1 1]
887,Non,[1 1 1 0 1 1 1 0 1 1]
888,Fizz,[0 0 0 1 1 1 1 0 1 1]
889,Non,[1 0 0 1 1 1 1 0 1 1]
890,Buzz,[0 1 0 1 1 1 1 0 1 1]
891,Fizz,[1 1 0 1 1 1 1 0 1 1]
892,Non,[0 0 1 1 1 1 1 0 1 1]
893,Non,[1 0 1 1 1 1 1 0 1 1]
894,Fizz,[0 1 1 1 1 1 1 0 1 1]
895,Buzz,[1 1 1 1 1 1 1 0 1 1]
896,Non,[0 0 0 0 0 0 0 1 1 1]
897,Fizz,[1 0 0 0 0 0 0 1 1 1]
898,Non,[0 1 0 0 0 0 0 1 1 1]
899,Non,[1 1 0 0 0 0 0 1 1 1]
900,FizzBuzz,[0 0 1 0 0 0 0 1 1 1]
901,Non,[1 0 1 0 0 0 0 1 1 1]
902,Non,[0 1 1 0 0 0 0 1 1 1]
903,Fizz,[1 1 1 0 0 0 0 1 1 1]
904,Non,[0 0 0 1 0 0 0 1 1 1]
905,Buzz,[1 0 0 1 0 0 0 1 1 1]
906,Fizz,[0 1 0 1 0 0 0 1 1 1]
907,Non,[1 1 0 1 0 0 0 1 1 1]
908,Non,[0 0 1 1 0 0 0 1 1 1]
909,Fizz,[1 0 1 1 0 0 0 1 1 1]
910,Buzz,[0 1 1 1 0 0 0 1 1 1]
911,Non,[1 1 1 1 0 0 0 1 1 1]
912,Fizz,[0 0 0 0 1 0 0 1 1 1]
913,Non,[1 0 0 0 1 0 0 1 1 1]
914,Non,[0 1 0 0 1 0 0 1 1 1]
915,FizzBuzz,[1 1 0 0 1 0 0 1 1 1]
916,Non,[0 0 1 0 1 0 0 1 1 1]
917,Non,[1 0 1 0 1 0 0 1 1 1]
918,Fizz,[0 1 1 0 1 0 0 1 1 1]
919,Non,[1 1 1 0 1 0 0 1 1 1]
920,Buzz,[0 0 0 1 1 0 0 1 1 1]
921,Fizz,[1 0 0 1 1 0 0 1 1 1]
922,Non,[0 1 0 1 1 0 0 1 1 1]
923,Non,[1 1 0 1 1 0 0 1 1 1]
924,Fizz,[0 0 1 1 1 0 0 1 1 1]
925,Buzz,[1 0 1 1 1 0 0 1 1 1]
926,Non,[0 1 1 1 1 0 0 1 1 1]
927,Fizz,[1 1 1 1 1 0 0 1 1 1]
928,Non,[0 0 0 0 0 1 0 1 1 1]
929,Non,[1 0 0 0 0 1 0 1 1 1]
930,FizzBuzz,[0 1 0 0 0 1 0 1 1 1]
931,Non,[1 1 0 0 0 1 0 1 1 1]
932,Non,[0 0 1 0 0 1 0 1 1 1]
933,Fizz,[1 0 1 0 0 1 0 1 1 1]
934,Non,[0 1 1 0 0 1 0 1 1 1]
935,Buzz,[1 1 1 0 0 1 0 1 1 1]
936,Fizz,[0 0 0 1 0 1 0 1 1 1]
937,Non,[1 0 0 1 0 1 0 1 1 1]
938,Non,[0 1 0 1 0 1 0 1 1 1]
939,Fizz,[1 1 0 1 0 1 0 1 1 1]
940,Buzz,[0 0 1 1 0 1 0 1 1 1]
941,Non,[1 0 1 1 0 1 0 1 1 1]
942,Fizz,[0 1 1 1 0 1 0 1 1 1]
943,Non,[1 1 1 1 0 1 0 1 1 1]
944,Non,[0 0 0 0 1 1 0 1 1 1]
945,FizzBuzz,[1 0 0 0 1 1 0 1 1 1]
946,Non,[0 1 0 0 1 1 0 1 1 1]
947,Non,[1 1 0 0 1 1 0 1 1 1]
948,Fizz,[0 0 1 0 1 1 0 1 1 1]
949,Non,[1 0 1 0 1 1 0 1 1 1]
950,Buzz,[0 1 1 0 1 1 0 1 1 1]
951,Fizz,[1 1 1 0 1 1 0 1 1 1]
952,Non,[0 0 0 1 1 1 0 1 1 1]
953,Non,[1 0 0 1 1 1 0 1 1 1]
954,Fizz,[0 1 0 1 1 1 0 1 1 1]
955,Buzz,[1 1 0 1 1 1 0 1 1 1]
956,Non,[0 0 1 1 1 1 0 1 1 1]
957,Fizz,[1 0 1 1 1 1 0 1 1 1]
958,Non,[0 1 1 1 1 1 0 1 1 1]
959,Non,[1 1 1 1 1 1 0 1 1 1]
960,FizzBuzz,[0 0 0 0 0 0 1 1 1 1]
961,Non,[1 0 0 0 0 0 1 1 1 1]
962,Non,[0 1 0 0 0 0 1 1 1 1]
963,Fizz,[1 1 0 0 0 0 1 1 1 1]
964,Non,[0 0 1 0 0 0 1 1 1 1]
965,Buzz,[1 0 1 0 0 0 1 1 1 1]
966,Fizz,[0 1 1 0 0 0 1 1 1 1]
967,Non,[1 1 1 0 0 0 1 1 1 1]
968,Non,[0 0 0 1 0 0 1 1 1 1]
969,Fizz,[1 0 0 1 0 0 1 1 1 1]
970,Buzz,[0 1 0 1 0 0 1 1 1 1]
971,Non,[1 1 0 1 0 0 1 1 1 1]
972,Fizz,[0 0 1 1 0 0 1 1 1 1]
973,Non,[1 0 1 1 0 0 1 1 1 1]
974,Non,[0 1 1 1 0 0 1 1 1 1]
975,FizzBuzz,[1 1 1 1 0 0 1 1 1 1]
976,Non,[0 0 0 0 1 0 1 1 1 1]
977,Non,[1 0 0 0 1 0 1 1 1 1]
978,Fizz,[0 1 0 0 1 0 1 1 1 1]
979,Non,[1 1 0 0 1 0 1 1 1 1]
980,Buzz,[0 0 1 0 1 0 1 1 1 1]
981,Fizz,[1 0 1 0 1 0 1 1 1 1]
982,Non,[0 1 1 0 1 0 1 1 1 1]
983,Non,[1 1 1 0 1 0 1 1 1 1]
984,Fizz,[0 0 0 1 1 0 1 1 1 1]
985,Buzz,[1 0 0 1 1 0 1 1 1 1]
986,Non,[0 1 0 1 1 0 1 1 1 1]
987,Fizz,[1 1 0 1 1 0 1 1 1 1]
988,Non,[0 0 1 1 1 0 1 1 1 1]
989,Non,[1 0 1 1 1 0 1 1 1 1]
990,FizzBuzz,[0 1 1 1 1 0 1 1 1 1]
991,Non,[1 1 1 1 1 0 1 1 1 1]
992,Non,[0 0 0 0 0 1 1 1 1 1]
993,Fizz,[1 0 0 0 0 1 1 1 1 1]
994,Non,[0 1 0 0 0 1 1 1 1 1]
995,Buzz,[1 1 0 0 0 1 1 1 1 1]
996,Fizz,[0 0 1 0 0 1 1 1 1 1]
997,Non,[1 0 1 0 0 1 1 1 1 1]
998,Non,[0 1 1 0 0 1 1 1 1 1]
999,Fizz,[1 1 1 0 0 1 1 1 1 1]
1000,Buzz,[0 0 0 1 0 1 1 1 1 1]
